Hospital,Strong Memorial Hospital,601 Elmwood Ave,Rochester,NY,14623
Hospital,Princeton Plainsboro Hospital, 12 Elk Street,Plainsboro, NY, 15343
Hospital Admin,cuddy@email.com,Lisa,Cuddy,testpass,Strong Memorial Hospital
Hospital Admin,foreman@email,Eric,Foreman,testpass,Princeton Plainsboro Hospital
Doctor,house@email.com,Gregory,House,testpass,Strong Memorial Hospital,True
Doctor,adam@email.com,Adam,Rock,testpass,Strong Memorial Hospital,False
Doctor,wilson@email.com,James,Wilson,testpass,Princeton Plainsboro Hospital,True
Doctor,zach@email.com,Zach,Moran,testpass,Princeton Plainsboro Hospital,False
Nurse,chase@email.com,Robert,Chase,testpass,Strong Memorial Hospital,True
Nurse,victoria@email.com,Victoria,Kountz,testpass,Strong Memorial Hospital,False
Nurse,cruz@email.com,Cruz,Chi,testpass,Princeton Plainsboro Hospital,True
Nurse,megan@email.com,Megan,McNamee,testpass,Princeton Plainsboro Hospital,False
Patient,chris@email.com,Christian,Borges,testpass,Male,abc123123123,19 Ridge Avenue,Walden,NY,12586,8455226234,Strong Memorial Hospital,1996-12-01,Victor Borges,victor@email.com,8455223563,house@email.com
Patient,connor@email.com,Connor,Coval,testpass,Male,abc123123123,12 Somewhere Street,Town,NY,12486,2463452345,Strong Memorial Hospital,1995-3-2,Sarah James,sarah@email.com,84534234563,house@email.com
Patient,kevin@email.com,Kevin,Lewis,testpass,Male,abc123123123,12 Place Avenue,New City,NY,10230,7452348567,Strong Memorial Hospital,1994-10-02,Christian Borges,chris@email.com,8455226234,adam@email.com
Patient,tucker@email.com,Tucker,Morgan,testpass,Male,abc123123123,14 Streetie Street,Old City, NY,12334,4562653456,Princeton Plainsboro Hospital,1993-3-4,Christian Borges,chris@email.com,8455226234,wilson@email.com
Prescription,Drug,2,Take daily.,house@email.com,2016-12-01 12:00,chris@email.com
Prescription,Drug,2,Take daily.,house@email.com,2016-12-01 12:00,chris@email.com
Prescription,Adderall,10,Take daily as needed.,adam@email.com,2016-05-12 12:30,kevin@email.com
Appointments,Shots,2016-5-9,2016-5-9,12:10,12:30,house@email.com,chris@email.com,Strong Memorial Hospital,False
Appointments,Check Up,2016-5-10,2016-5-10,14:10,15:30,house@email.com,chris@email.com,Strong Memorial Hospital,False
Appointments,Check Up,2016-5-10,2016-5-10,14:00,14:30,adam@email.com,kevin@email.com,Strong Memorial Hospital,False
Appointments,Shots,2016-5-10,2015-5-10,14:30,15:00,house@email.com,connor@email.com,Strong Memorial Hospital,False
Message,cuddy@email.com,house@email.com,False,Love me., Cuddy please!,2016-5-07 12:12
